{
  "version": "1.3",
  "patch_version": "1.3.1",
  "release_date": "2025-10-18T00:00:00Z",
  "download_urls": {
    "complete": "https://github.com/Kingsman-Inc/Kingsman-Menu/releases/latest/download/Kingsman_Menu_v1.3_Complete.zip",
    "patch": "https://github.com/Kingsman-Inc/Kingsman-Menu/releases/latest/download/Kingsman_Menu_Patch_1.3.1.zip",
    "server": "https://github.com/Kingsman-Inc/Kingsman-Menu/releases/latest/download/Kingsman_Update_Server.zip"
  },
  "changelog": [
    "🚀 Sistema de otimização avançado (60% melhoria)",
    "💾 Sistema de cache LRU implementado",
    "🔒 Operações thread-safe",
    "📊 Monitoramento avançado",
    "🛡️ Sistema de patches seguro"
  ],
  "minimum_version": "1.0",
  "auto_update": true
}