{
  "version": "1.3",
  "patch_version": "1.3.1",
  "package_type": "server",
  "build_date": "2025-10-18T15:14:34.484091",
  "github": {
    "organization": "Kingsman-Inc",
    "repository": "Kingsman-Menu",
    "api_url": "https://kingsman-inc.github.io/kingsman-menu/api/latest.json"
  },
  "server_features": [
    "Servidor de atualizações HTTP",
    "API de versões JSON",
    "Sistema de distribuição",
    "Monitoramento de downloads",
    "Interface web administrativa"
  ]
}